{"cameraMode":{"drawMode":0,"name":"Shaded","section":"Shading Mode"},"sceneLighting":true,"audioPlay":false,"sceneViewState":{"m_AlwaysRefresh":false,"showFog":true,"showSkybox":true,"showFlares":true,"showImageEffects":true,"showParticleSystems":true,"showVisualEffectGraphs":true,"m_FxEnabled":true},"in2DMode":false,"pivot":{"x":11.733951568603516,"y":-4.351676940917969,"z":6.170936584472656},"rotation":{"x":0.16658979654312135,"y":0.37006089091300967,"z":-0.06729653477668762,"w":0.9117218852043152},"size":15.688692092895508,"orthographic":false}